LTER_site,local_site,location,depth,year,date,time,DOC
NWT,GL3,LAKE,0,1998,7/22/98,NA,NA
NWT,GL3,LAKE,3,1998,7/22/98,NA,NA
NWT,GL3,LAKE,7,1998,7/22/98,NA,NA
NWT,GL4,LAKE,0,1998,7/24/98,NA,NA
NWT,GL4,LAKE,3,1998,7/24/98,NA,NA
NWT,GL4,LAKE,10,1998,7/24/98,NA,NA
NWT,GL1,LAKE,0,1998,7/29/98,11:40,NA
NWT,GL3,LAKE,0,1998,7/29/98,10:05,NA
NWT,GL3,LAKE,3,1998,7/29/98,10:05,NA
NWT,GL3,LAKE,6,1998,7/29/98,10:05,NA
NWT,GL3,OUTLET,0,1998,7/29/98,10:45,NA
NWT,GL3,LAKE,0,1998,8/5/98,9:15,NA
NWT,GL3,LAKE,3,1998,8/5/98,9:15,NA
NWT,GL3,LAKE,6,1998,8/5/98,9:15,NA
NWT,GL4,LAKE,0,1998,8/5/98,11:05,NA
NWT,GL4,LAKE,3,1998,8/5/98,11:05,NA
NWT,GL4,LAKE,9,1998,8/5/98,11:05,NA
NWT,GL3,LAKE,0,1998,8/10/98,12:30,NA
NWT,GL3,LAKE,3,1998,8/10/98,12:30,NA
NWT,GL3,LAKE,6,1998,8/10/98,12:30,NA
NWT,GL4,LAKE,0,1998,8/10/98,10:45,NA
NWT,GL4,LAKE,3,1998,8/10/98,10:45,NA
NWT,GL4,LAKE,9,1998,8/10/98,10:45,NA
NWT,GL3,LAKE,0,1998,8/20/98,10:50,NA
NWT,GL3,LAKE,6,1998,8/20/98,10:50,NA
NWT,GL4,LAKE,0,1998,8/20/98,9:45,NA
NWT,GL4,LAKE,3,1998,8/20/98,9:45,NA
NWT,GL4,LAKE,9,1998,8/20/98,9:45,NA
NWT,GL3,LAKE,0,1998,9/2/98,12:30,NA
NWT,GL3,LAKE,3,1998,9/2/98,12:30,NA
NWT,GL3,LAKE,6,1998,9/2/98,12:30,NA
NWT,GL4,LAKE,0,1998,9/2/98,9:45,NA
NWT,GL4,LAKE,3,1998,9/2/98,9:45,NA
NWT,GL4,LAKE,9,1998,9/2/98,9:45,NA
NWT,GL3,LAKE,0,1998,9/16/98,12:40,NA
NWT,GL4,LAKE,0,1998,9/16/98,10:30,NA
NWT,GL3,LAKE,0,1998,9/18/98,NA,NA
NWT,GL3,LAKE,3,1998,9/18/98,NA,NA
NWT,GL3,LAKE,6,1998,9/18/98,NA,NA
NWT,GL4,LAKE,3,1998,11/26/98,NA,NA
NWT,GL4,LAKE,8,1998,11/26/98,NA,NA
NWT,GL4,LAKE,0,1999,1/27/99,NA,NA
NWT,GL4,LAKE,3,1999,1/27/99,NA,NA
NWT,GL4,OUTLET,0,1999,5/26/99,11:00,NA
NWT,GL4,OUTLET,0,1999,6/17/99,10:30,NA
NWT,GL4,OUTLET,0,1999,6/30/99,10:30,NA
NWT,GL4,LAKE,0,1999,7/20/99,11:30,NA
NWT,GL4,LAKE,3,1999,7/20/99,11:30,NA
NWT,GL4,LAKE,9,1999,7/20/99,11:30,NA
NWT,GL4,LAKE,0,1999,7/27/99,11:30,NA
NWT,GL4,LAKE,3,1999,7/27/99,11:30,NA
NWT,GL4,LAKE,11,1999,7/27/99,11:30,NA
NWT,GL3,LAKE,0,1999,7/30/99,11:30,NA
NWT,GL3,LAKE,3,1999,7/30/99,11:30,NA
NWT,GL3,LAKE,6,1999,7/30/99,11:30,NA
NWT,GL4,LAKE,0,2000,7/6/00,10:30,NA
NWT,GL4,LAKE,3,2000,7/6/00,10:30,NA
NWT,GL4,LAKE,9,2000,7/6/00,10:30,NA
NWT,GL4,LAKE,0,2000,7/13/00,9:00,0.448
NWT,GL4,LAKE,3,2000,7/13/00,9:00,0.476
NWT,GL4,LAKE,9,2000,7/13/00,9:00,0.664
NWT,GL4,LAKE,0,2000,7/20/00,10:00,0.308
NWT,GL4,LAKE,3,2000,7/20/00,10:00,0.44
NWT,GL4,LAKE,9,2000,7/20/00,10:00,0.458
NWT,GL4,INLET,0,2000,7/25/00,9:00,0.419
NWT,GL4,OUTLET,0,2000,7/25/00,9:00,0.411
NWT,GL4,LAKE,0,2000,7/27/00,9:30,0.72
NWT,GL4,LAKE,3,2000,7/27/00,9:30,0.716
NWT,GL4,LAKE,9,2000,7/27/00,9:30,0.498
NWT,GL4,LAKE,0,2000,8/3/00,9:30,NA
NWT,GL4,LAKE,3,2000,8/3/00,9:30,NA
NWT,GL4,LAKE,9,2000,8/3/00,9:30,NA
NWT,GL4,LAKE,0,2000,8/10/00,10:00,0.258
NWT,GL4,LAKE,3,2000,8/10/00,10:00,0.358
NWT,GL4,LAKE,9,2000,8/10/00,10:00,0.815
NWT,GL4,LAKE,0,2001,6/28/01,11:00,NA
NWT,GL4,LAKE,3,2001,6/28/01,11:00,0.448
NWT,GL4,LAKE,9,2001,6/28/01,11:00,0.476
NWT,GL4,LAKE,0,2001,7/6/01,11:00,0.662
NWT,GL4,LAKE,3,2001,7/6/01,11:00,0.308
NWT,GL4,LAKE,9,2001,7/6/01,11:00,0.44
NWT,GL4,LAKE,0,2001,7/12/01,10:30,0.458
NWT,GL4,LAKE,3,2001,7/12/01,10:30,0.419
NWT,GL4,LAKE,9,2001,7/12/01,10:30,0.411
NWT,GL4,LAKE,0,2001,7/19/01,10:30,0.72
NWT,GL4,LAKE,3,2001,7/19/01,10:30,0.716
NWT,GL4,LAKE,9,2001,7/19/01,10:30,0.498
NWT,GL4,LAKE,0,2001,7/26/01,10:00,NA
NWT,GL4,LAKE,3,2001,7/26/01,10:00,NA
NWT,GL4,LAKE,0,2001,8/3/01,10:30,NA
NWT,GL4,LAKE,3,2001,8/3/01,10:30,0.258
NWT,GL4,LAKE,9,2001,8/3/01,10:30,0.358
NWT,GL4,LAKE,0,2002,6/25/02,9:00,NA
NWT,GL4,LAKE,3,2002,6/25/02,9:00,NA
NWT,GL4,LAKE,9,2002,6/25/02,9:00,NA
NWT,GL4,INLET,0,2002,6/27/02,12:30,NA
NWT,GL4,OUTLET,0,2002,6/27/02,12:30,NA
NWT,GL4,LAKE,0,2002,7/2/02,9:30,NA
NWT,GL4,LAKE,3,2002,7/2/02,9:30,NA
NWT,GL4,LAKE,9,2002,7/2/02,9:30,NA
NWT,GL4,LAKE,0,2002,7/9/02,9:30,NA
NWT,GL4,LAKE,3,2002,7/9/02,9:30,NA
NWT,GL4,LAKE,9,2002,7/9/02,9:30,NA
NWT,GL4,LAKE,0,2002,7/16/02,9:30,NA
NWT,GL4,LAKE,3,2002,7/16/02,9:30,NA
NWT,GL4,LAKE,9,2002,7/16/02,9:30,NA
NWT,GL4,LAKE,0,2002,7/23/02,10:00,NA
NWT,GL4,LAKE,3,2002,7/23/02,10:00,NA
NWT,GL4,LAKE,9,2002,7/23/02,10:00,NA
NWT,GL4,LAKE,0,2002,7/30/02,10:15,NA
NWT,GL4,LAKE,3,2002,7/30/02,10:15,NA
NWT,GL4,LAKE,9,2002,7/30/02,10:15,NA
NWT,GL4,LAKE,0,2002,8/6/02,9:00,NA
NWT,GL4,LAKE,3,2002,8/6/02,9:00,NA
NWT,GL4,LAKE,9,2002,8/6/02,9:00,NA
NWT,GL4,LAKE,0,2003,7/8/03,10:00,0.521
NWT,GL4,LAKE,3,2003,7/8/03,10:00,0.437
NWT,GL4,LAKE,9,2003,7/8/03,10:00,0.453
NWT,GL4,LAKE,0,2003,7/15/03,9:35,0.897
NWT,GL4,LAKE,3,2003,7/15/03,10:00,0.765
NWT,GL4,LAKE,9,2003,7/15/03,10:00,0.82
NWT,GL4,LAKE,0,2003,7/22/03,9:20,0.716
NWT,GL4,LAKE,3,2003,7/22/03,9:30,0.859
NWT,GL4,LAKE,9,2003,7/22/03,9:30,0.806
NWT,GL4,LAKE,0,2003,7/29/03,9:05,0.659
NWT,GL4,LAKE,3,2003,7/29/03,9:10,0.674
NWT,GL4,LAKE,9,2003,7/29/03,9:10,0.632
NWT,GL4,LAKE,0,2003,8/12/03,9:00,1.122
NWT,GL4,LAKE,3,2003,8/12/03,9:15,0.757
NWT,GL4,LAKE,9,2003,8/12/03,9:15,0.794
NWT,GL4,INLET,0,2004,6/22/04,9:30,NA
NWT,GL4,OUTLET,0,2004,6/22/04,9:30,NA
NWT,GL4,INLET,0,2004,6/29/04,8:30,NA
NWT,GL4,OUTLET,0,2004,6/29/04,8:30,NA
NWT,GL4,LAKE,0,2004,7/6/04,9:00,NA
NWT,GL4,LAKE,3,2004,7/6/04,9:00,NA
NWT,GL4,LAKE,9,2004,7/6/04,9:00,NA
NWT,GL4,INLET,0,2004,7/6/04,8:30,NA
NWT,GL4,OUTLET,0,2004,7/6/04,8:30,NA
NWT,GL4,LAKE,0,2004,7/13/04,10:15,NA
NWT,GL4,LAKE,3,2004,7/13/04,10:15,NA
NWT,GL4,LAKE,9,2004,7/13/04,10:15,NA
NWT,GL4,INLET,0,2004,7/13/04,10:15,NA
NWT,GL4,OUTLET,0,2004,7/13/04,10:15,NA
NWT,GL4,LAKE,0,2004,7/20/04,9:30,NA
NWT,GL4,LAKE,3,2004,7/20/04,9:45,NA
NWT,GL4,LAKE,9,2004,7/20/04,9:45,NA
NWT,GL4,INLET,0,2004,7/20/04,9:00,NA
NWT,GL4,OUTLET,0,2004,7/20/04,8:40,NA
NWT,GL4,LAKE,0,2004,7/27/04,9:00,NA
NWT,GL4,LAKE,3,2004,7/27/04,9:00,NA
NWT,GL4,LAKE,9,2004,7/27/04,9:00,NA
NWT,GL4,INLET,0,2004,7/27/04,9:20,NA
NWT,GL4,OUTLET,0,2004,7/27/04,9:00,NA
NWT,GL4,LAKE,0,2004,8/3/04,10:00,NA
NWT,GL4,LAKE,3,2004,8/3/04,10:00,NA
NWT,GL4,LAKE,9,2004,8/3/04,10:00,NA
NWT,GL4,INLET,0,2004,8/3/04,9:45,NA
NWT,GL4,OUTLET,0,2004,8/3/04,9:45,NA
NWT,GL4,LAKE,0,2004,8/12/04,10:00,NA
NWT,GL4,LAKE,3,2004,8/12/04,10:00,NA
NWT,GL4,LAKE,9,2004,8/12/04,10:00,NA
NWT,GL4,INLET,0,2004,8/12/04,10:00,NA
NWT,GL4,OUTLET,0,2004,8/12/04,10:00,NA
NWT,GL4,LAKE,0,2005,6/30/05,12:50,NA
NWT,GL4,LAKE,0,2005,7/5/05,9:45,NA
NWT,GL4,LAKE,3,2005,7/5/05,9:45,NA
NWT,GL4,LAKE,9,2005,7/5/05,9:45,NA
NWT,GL4,INLET,0,2005,7/5/05,9:45,NA
NWT,GL4,OUTLET,0,2005,7/5/05,9:45,NA
NWT,GL4,LAKE,0,2005,7/12/05,9:45,NA
NWT,GL4,LAKE,3,2005,7/12/05,9:45,NA
NWT,GL4,LAKE,9,2005,7/12/05,9:45,NA
NWT,GL4,INLET,0,2005,7/12/05,10:30,NA
NWT,GL4,OUTLET,0,2005,7/12/05,8:45,NA
NWT,GL4,LAKE,0,2005,7/19/05,10:00,NA
NWT,GL4,LAKE,3,2005,7/19/05,10:00,NA
NWT,GL4,LAKE,9,2005,7/19/05,10:00,NA
NWT,GL4,INLET,0,2005,7/19/05,10:30,NA
NWT,GL4,OUTLET,0,2005,7/19/05,11:00,NA
NWT,GL4,LAKE,0,2005,7/26/05,9:30,NA
NWT,GL4,LAKE,3,2005,7/26/05,9:30,NA
NWT,GL4,LAKE,9,2005,7/26/05,9:30,NA
NWT,GL4,INLET,0,2005,7/26/05,9:45,NA
NWT,GL4,OUTLET,0,2005,7/26/05,10:00,NA
NWT,GL4,LAKE,0,2005,8/2/05,9:00,NA
NWT,GL4,LAKE,3,2005,8/2/05,9:10,NA
NWT,GL4,LAKE,9,2005,8/2/05,9:15,NA
NWT,GL4,INLET,0,2005,8/2/05,10:00,NA
NWT,GL4,OUTLET,0,2005,8/2/05,10:30,NA
NWT,GL4,LAKE,0,2005,8/10/05,9:30,NA
NWT,GL4,LAKE,3,2005,8/10/05,9:40,NA
NWT,GL4,LAKE,9,2005,8/10/05,10:00,NA
NWT,GL4,INLET,0,2005,8/10/05,10:30,NA
NWT,GL4,OUTLET,0,2005,8/10/05,10:50,NA
NWT,GL4,LAKE,0,2005,8/16/05,9:15,NA
NWT,GL4,LAKE,3,2005,8/16/05,9:30,NA
NWT,GL4,LAKE,9,2005,8/16/05,9:45,NA
NWT,GL4,INLET,0,2005,8/16/05,10:15,NA
NWT,GL4,OUTLET,0,2005,8/16/05,10:40,NA
NWT,GL4,INLET,0,2005,9/2/05,9:55,NA
NWT,GL4,OUTLET,0,2005,9/2/05,10:15,NA
NWT,GL4,LAKE,0,2005,9/13/05,NA,NA
NWT,GL4,LAKE,3,2005,9/13/05,NA,NA
NWT,GL4,LAKE,9,2005,9/13/05,NA,NA
NWT,GL4,INLET,0,2005,9/13/05,NA,NA
NWT,GL4,OUTLET,0,2005,9/13/05,NA,NA
NWT,ALB,INLET,0,2006,5/10/06,8:00,1.54
NWT,ALB,OUTLET,0,2006,5/10/06,8:20,1.421
NWT,ALB,INLET,0,2006,5/25/06,8:35,1.558
NWT,ALB,OUTLET,0,2006,5/25/06,8:10,1.099
NWT,GL4,INLET,0,2006,5/25/06,9:45,1.334
NWT,ALB,INLET,0,2006,6/1/06,8:20,1.53
NWT,ALB,OUTLET,0,2006,6/1/06,7:50,1.527
NWT,GL4,INLET,0,2006,6/1/06,9:55,1.502
NWT,ALB,INLET,0,2006,6/8/06,8:10,1.061
NWT,ALB,OUTLET,0,2006,6/8/06,7:50,1.316
NWT,GL4,INLET,0,2006,6/8/06,10:00,0.568
NWT,GL5,INLET,0,2006,6/8/06,9:40,0.845
NWT,ALB,LAKE,0,2006,6/15/06,9:13,1.29
NWT,ALB,LAKE,3,2006,6/15/06,9:06,1.11
NWT,ALB,LAKE,9,2006,6/15/06,8:58,2.254
NWT,ALB,INLET,0,2006,6/15/06,8:40,1.299
NWT,ALB,OUTLET,0,2006,6/15/06,8:15,1.615
NWT,GL4,INLET,0,2006,6/15/06,10:30,0.616
NWT,GL5,INLET,0,2006,6/15/06,10:05,0.497
NWT,ALB,INLET,0,2006,6/22/06,8:05,1.022
NWT,ALB,OUTLET,0,2006,6/22/06,7:45,1.476
NWT,GL4,INLET,0,2006,6/22/06,9:45,0.748
NWT,GL5,INLET,0,2006,6/22/06,9:25,0.779
NWT,ALB,LAKE,0,2006,6/29/06,8:15,1.841
NWT,ALB,LAKE,3,2006,6/29/06,8:11,1.475
NWT,ALB,LAKE,9,2006,6/29/06,8:09,1.609
NWT,ALB,INLET,0,2006,6/29/06,8:00,1.012
NWT,ALB,OUTLET,0,2006,6/29/06,7:45,1.585
NWT,GL4,INLET,0,2006,6/29/06,9:40,0.78
NWT,GL5,INLET,0,2006,6/29/06,9:20,0.463
NWT,ALB,INLET,0,2006,7/6/06,7:55,1.125
NWT,ALB,OUTLET,0,2006,7/6/06,7:40,2.147
NWT,GL4,LAKE,0,2006,7/6/06,12:15,0.805
NWT,GL4,LAKE,3,2006,7/6/06,12:33,0.828
NWT,GL4,LAKE,9,2006,7/6/06,12:27,1.627
NWT,GL4,INLET,0,2006,7/6/06,9:45,1.036
NWT,GL5,INLET,0,2006,7/6/06,9:15,0.911
NWT,ALB,INLET,0,2006,7/13/06,8:00,0.814
NWT,ALB,OUTLET,0,2006,7/13/06,7:40,1.2
NWT,GL4,LAKE,0,2006,7/13/06,10:10,0.859
NWT,GL4,LAKE,3,2006,7/13/06,10:05,0.657
NWT,GL4,LAKE,9,2006,7/13/06,10:07,1.333
NWT,GL4,INLET,0,2006,7/13/06,9:45,0.583
NWT,GL5,INLET,0,2006,7/13/06,9:20,0.296
NWT,ALB,INLET,0,2006,7/20/06,8:05,1.049
NWT,ALB,OUTLET,0,2006,7/20/06,7:45,1.833
NWT,GL4,LAKE,0,2006,7/20/06,9:45,NA
NWT,GL4,LAKE,3,2006,7/20/06,9:40,NA
NWT,GL4,LAKE,9,2006,7/20/06,9:35,NA
NWT,GL4,INLET,0,2006,7/20/06,9:55,1.041
NWT,GL5,INLET,0,2006,7/20/06,9:30,0.816
NWT,ALB,INLET,0,2006,7/27/06,8:00,1.055
NWT,ALB,OUTLET,0,2006,7/27/06,7:40,1.977
NWT,GL4,LAKE,0,2006,7/27/06,9:20,0.844
NWT,GL4,LAKE,3,2006,7/27/06,9:20,0.879
NWT,GL4,LAKE,9,2006,7/27/06,9:15,1.081
NWT,GL4,INLET,0,2006,7/27/06,10:20,1.328
NWT,GL5,INLET,0,2006,7/27/06,9:30,0.576
NWT,ALB,INLET,0,2006,8/1/06,7:45,1.23
NWT,ALB,OUTLET,0,2006,8/1/06,7:30,1.411
NWT,GL4,INLET,0,2006,8/1/06,9:30,0.793
NWT,GL4,OUTLET,0,2006,8/1/06,8:25,0.791
NWT,GL5,INLET,0,2006,8/1/06,9:00,0.695
NWT,GL5,OUTLET,0,2006,8/1/06,8:45,1.041
NWT,GL4,LAKE,0,2006,8/3/06,9:38,NA
NWT,GL4,LAKE,3,2006,8/3/06,9:37,NA
NWT,GL4,LAKE,9,2006,8/3/06,9:34,NA
NWT,GL4,INLET,0,2006,8/3/06,8:45,NA
NWT,GL4,OUTLET,0,2006,8/3/06,10:55,NA
NWT,ALB,LAKE,0,2006,8/10/06,12:38,NA
NWT,ALB,LAKE,3,2006,8/10/06,12:33,NA
NWT,ALB,LAKE,9,2006,8/10/06,12:30,NA
NWT,ALB,INLET,0,2006,8/10/06,8:20,0.996
NWT,ALB,OUTLET,0,2006,8/10/06,8:00,1.715
NWT,GL4,LAKE,0,2006,8/10/06,9:23,NA
NWT,GL4,LAKE,3,2006,8/10/06,9:21,NA
NWT,GL4,LAKE,9,2006,8/10/06,9:17,NA
NWT,GL4,INLET,0,2006,8/10/06,10:05,0.718
NWT,GL4,OUTLET,0,2006,8/10/06,9:30,0.961
NWT,GL5,INLET,0,2006,8/10/06,9:30,1.288
NWT,ALB,INLET,0,2006,8/17/06,7:35,1.043
NWT,ALB,OUTLET,0,2006,8/17/06,7:20,1.999
NWT,GL4,INLET,0,2006,8/17/06,9:10,0.908
NWT,GL5,INLET,0,2006,8/17/06,8:45,0.886
NWT,ALB,INLET,0,2006,8/24/06,7:30,1.146
NWT,ALB,OUTLET,0,2006,8/24/06,7:15,2.384
NWT,GL4,INLET,0,2006,8/24/06,9:10,0.879
NWT,GL5,INLET,0,2006,8/24/06,8:40,0.725
NWT,ALB,INLET,0,2006,9/7/06,8:00,0.991
NWT,ALB,OUTLET,0,2006,9/7/06,7:40,2.87
NWT,GL4,INLET,0,2006,9/7/06,9:45,0.719
NWT,GL5,INLET,0,2006,9/7/06,9:10,0.773
NWT,ALB,INLET,0,2006,9/29/06,7:50,1.396
NWT,ALB,OUTLET,0,2006,9/29/06,7:30,3.682
NWT,GL4,OUTLET,0,2007,6/10/07,6:00,1.122
NWT,GL4,OUTLET,0,2007,6/10/07,7:00,1.201
NWT,GL4,OUTLET,0,2007,6/10/07,8:00,1.152
NWT,GL4,OUTLET,0,2007,6/10/07,9:00,0.869
NWT,GL4,OUTLET,0,2007,6/10/07,10:00,1.003
NWT,GL4,OUTLET,0,2007,6/10/07,11:00,0.899
NWT,GL4,OUTLET,0,2007,6/10/07,12:00,0.925
NWT,GL4,OUTLET,0,2007,6/10/07,13:00,0.902
NWT,GL4,OUTLET,0,2007,6/10/07,14:00,1.028
NWT,GL4,OUTLET,0,2007,6/10/07,15:00,0.97
NWT,GL4,OUTLET,0,2007,6/10/07,16:00,1.016
NWT,GL4,OUTLET,0,2007,6/10/07,17:00,0.971
NWT,GL4,OUTLET,0,2007,6/10/07,18:00,1.103
NWT,GL4,OUTLET,0,2007,6/10/07,19:00,1.508
NWT,GL4,OUTLET,0,2007,6/10/07,20:00,1.027
NWT,GL4,OUTLET,0,2007,6/10/07,21:00,1.05
NWT,GL4,OUTLET,0,2007,6/10/07,2200,0.975
NWT,GL4,OUTLET,0,2007,6/10/07,23:00,0.918
NWT,GL4,OUTLET,0,2007,6/11/07,0:00,0.986
NWT,GL4,OUTLET,0,2007,6/11/07,1:00,1.135
NWT,GL4,OUTLET,0,2007,6/11/07,2:00,0.993
NWT,GL4,OUTLET,0,2007,6/11/07,3:00,1.144
NWT,GL4,OUTLET,0,2007,6/11/07,4:00,1.091
NWT,GL4,OUTLET,0,2007,6/11/07,5:00,0.891
NWT,GL4,OUTLET,0,2007,7/2/07,9:00,0.535
NWT,GL4,OUTLET,0,2007,7/2/07,10:00,0.533
NWT,GL4,OUTLET,0,2007,7/2/07,11:00,0.696
NWT,GL4,OUTLET,0,2007,7/2/07,12:00,0.522
NWT,GL4,OUTLET,0,2007,7/2/07,13:00,0.504
NWT,GL4,OUTLET,0,2007,7/2/07,14:00,0.528
NWT,GL4,OUTLET,0,2007,7/2/07,15:00,0.496
NWT,GL4,OUTLET,0,2007,7/2/07,16:00,0.627
NWT,GL4,OUTLET,0,2007,7/2/07,17:00,0.58
NWT,GL4,OUTLET,0,2007,7/2/07,18:00,0.613
NWT,GL4,OUTLET,0,2007,7/2/07,19:00,0.484
NWT,GL4,OUTLET,0,2007,7/2/07,20:00,0.532
NWT,GL4,OUTLET,0,2007,7/2/07,21:00,0.528
NWT,GL4,OUTLET,0,2007,7/2/07,2200,0.484
NWT,GL4,OUTLET,0,2007,7/2/07,23:00,0.465
NWT,GL4,OUTLET,0,2007,7/3/07,0:00,0.512
NWT,GL4,OUTLET,0,2007,7/3/07,1:00,0.425
NWT,GL4,OUTLET,0,2007,7/3/07,2:00,0.589
NWT,GL4,OUTLET,0,2007,7/3/07,3:00,0.686
NWT,GL4,OUTLET,0,2007,7/3/07,4:00,0.615
NWT,GL4,OUTLET,0,2007,7/3/07,5:00,0.598
NWT,GL4,OUTLET,0,2007,7/3/07,6:00,0.544
NWT,GL4,OUTLET,0,2007,7/3/07,7:00,0.634
NWT,GL4,OUTLET,0,2007,7/3/07,8:00,1.421
NWT,GL4,LAKE,0,2007,7/5/07,10:30,NA
NWT,GL4,LAKE,3,2007,7/5/07,10:45,NA
NWT,GL4,LAKE,9,2007,7/5/07,11:00,NA
NWT,GL4,INLET,0,2007,7/5/07,9:30,NA
NWT,GL4,OUTLET,0,2007,7/5/07,9:15,NA
NWT,GL4,LAKE,0,2007,7/12/07,9:30,NA
NWT,GL4,LAKE,3,2007,7/12/07,9:40,NA
NWT,GL4,LAKE,9,2007,7/12/07,9:50,NA
NWT,GL4,INLET,0,2007,7/12/07,11:25,NA
NWT,GL4,OUTLET,0,2007,7/12/07,11:10,NA
NWT,GL4,LAKE,0,2007,7/19/07,9:05,NA
NWT,GL4,LAKE,3,2007,7/19/07,9:15,NA
NWT,GL4,LAKE,9,2007,7/19/07,9:25,NA
NWT,GL4,INLET,0,2007,7/19/07,10:30,NA
NWT,GL4,OUTLET,0,2007,7/19/07,10:10,NA
NWT,GL4,LAKE,0,2007,7/26/07,10:40,NA
NWT,GL4,LAKE,3,2007,7/26/07,10:50,NA
NWT,GL4,LAKE,9,2007,7/26/07,11:05,NA
NWT,GL4,INLET,0,2007,7/26/07,9:20,NA
NWT,GL4,OUTLET,0,2007,7/26/07,8:50,NA
NWT,GL4,LAKE,0,2007,8/2/07,9:25,NA
NWT,GL4,LAKE,3,2007,8/2/07,9:30,NA
NWT,GL4,LAKE,9,2007,8/2/07,9:35,NA
NWT,GL4,INLET,0,2007,8/2/07,10:20,NA
NWT,GL4,OUTLET,0,2007,8/2/07,1036,NA
NWT,GL4,LAKE,0,2007,8/9/07,9:20,NA
NWT,GL4,LAKE,3,2007,8/9/07,9:27,NA
NWT,GL4,LAKE,9,2007,8/9/07,9:30,NA
NWT,GL4,INLET,0,2007,8/9/07,1042,NA
NWT,GL4,OUTLET,0,2007,8/9/07,10:30,NA
NWT,GL4,LAKE,0,2007,8/16/07,9:45,NA
NWT,GL4,LAKE,3,2007,8/16/07,9:50,NA
NWT,GL4,LAKE,9,2007,8/16/07,1002,NA
NWT,GL4,INLET,0,2007,8/16/07,844,NA
NWT,GL4,OUTLET,0,2007,8/16/07,9:00,1.06
NWT,GL4,OUTLET,0,2007,8/16/07,9:05,NA
NWT,GL4,OUTLET,0,2007,8/16/07,10:00,1.22
NWT,GL4,OUTLET,0,2007,8/16/07,11:00,1.245
NWT,GL4,OUTLET,0,2007,8/16/07,12:00,0.955
NWT,GL4,OUTLET,0,2007,8/16/07,13:00,1.452
NWT,GL4,OUTLET,0,2007,8/16/07,14:00,0.972
NWT,GL4,OUTLET,0,2007,8/16/07,15:00,1.073
NWT,GL4,OUTLET,0,2007,8/16/07,16:00,0.986
NWT,GL4,OUTLET,0,2007,8/16/07,17:00,0.955
NWT,GL4,OUTLET,0,2007,8/16/07,18:00,0.957
NWT,GL4,OUTLET,0,2007,8/16/07,19:00,1.063
NWT,GL4,OUTLET,0,2007,8/16/07,20:00,1.289
NWT,GL4,OUTLET,0,2007,8/16/07,21:00,1.162
NWT,GL4,OUTLET,0,2007,8/16/07,22:00,0.928
NWT,GL4,OUTLET,0,2007,8/16/07,23:00,0.963
NWT,GL4,OUTLET,0,2007,8/17/07,0:00,0.972
NWT,GL4,OUTLET,0,2007,8/17/07,1:00,1.108
NWT,GL4,OUTLET,0,2007,8/17/07,2:00,0.855
NWT,GL4,OUTLET,0,2007,8/17/07,3:00,1.224
NWT,GL4,OUTLET,0,2007,8/17/07,4:00,1.098
NWT,GL4,OUTLET,0,2007,8/17/07,6:00,1.331
NWT,GL4,OUTLET,0,2007,8/17/07,7:00,0.927
NWT,GL4,OUTLET,0,2007,8/17/07,8:00,0.899
NWT,GL4,INLET,0,2008,7/1/08,10:27,0.862
NWT,GL4,OUTLET,0,2008,7/1/08,10:05,0.957
NWT,GL4,INLET,0,2008,7/10/08,9:40,0.649
NWT,GL4,OUTLET,0,2008,7/10/08,10:20,0.701
NWT,GL4,LAKE,0,2008,7/15/08,9:00,0.582
NWT,GL4,LAKE,3,2008,7/15/08,9:59,0.833
NWT,GL4,LAKE,9,2008,7/15/08,9:47,0.544
NWT,GL4,INLET,0,2008,7/15/08,10:45,0.584
NWT,GL4,OUTLET,0,2008,7/15/08,12:05,0.587
NWT,GL4,LAKE,0,2008,7/24/08,9:35,0.648
NWT,GL4,LAKE,3,2008,7/24/08,9:50,0.706
NWT,GL4,LAKE,9,2008,7/24/08,10:10,0.636
NWT,GL4,INLET,0,2008,7/24/08,10:58,0.582
NWT,GL4,OUTLET,0,2008,7/24/08,11:34,0.574
NWT,GL4,LAKE,0,2008,7/29/08,9:00,0.638
NWT,GL4,LAKE,3,2008,7/29/08,9:10,0.665
NWT,GL4,LAKE,9,2008,7/29/08,9:05,0.784
NWT,GL4,INLET,0,2008,7/29/08,9:45,0.616
NWT,GL4,OUTLET,0,2008,7/29/08,10:35,0.574
NWT,GL4,LAKE,0,2008,8/7/08,9:15,0.81
NWT,GL4,LAKE,3,2008,8/7/08,9:10,0.905
NWT,GL4,LAKE,9,2008,8/7/08,9:12,0.8
NWT,GL4,INLET,0,2008,8/7/08,9:45,0.569
NWT,GL4,OUTLET,0,2008,8/7/08,10:07,0.918
NWT,GL3,INLET,0,2009,7/2/09,9:00,1.363
NWT,GL4,INLET,0,2009,7/2/09,10:18,0.469
NWT,GL4,OUTLET,0,2009,7/2/09,9:39,0.538
NWT,GL4,WATERFALL,0,2009,7/2/09,9:20,0.762
NWT,GL3,INLET,0,2009,7/7/09,8:45,0.533
NWT,GL4,INLET,0,2009,7/7/09,9:46,0.475
NWT,GL4,OUTLET,0,2009,7/7/09,9:27,0.553
NWT,GL4,WATERFALL,0,2009,7/7/09,9:02,0.612
NWT,GL3,INLET,0,2009,7/9/09,12:23,0.64
NWT,GL4,INLET,0,2009,7/9/09,10:54,0.281
NWT,GL4,OUTLET,0,2009,7/9/09,11:21,0.498
NWT,GL4,WATERFALL TOP,0,2009,7/9/09,11:33,0.445
NWT,GL4,WATERFALL,0,2009,7/9/09,12:04,0.499
NWT,GL3,INLET,0,2009,7/14/09,14:40,0.533
NWT,GL4,LAKE,0,2009,7/14/09,11:44,0.439
NWT,GL4,LAKE,3,2009,7/14/09,12:00,0.55
NWT,GL4,LAKE,5,2009,7/14/09,12:05,0.521
NWT,GL4,LAKE,7,2009,7/14/09,12:20,0.357
NWT,GL4,INLET,0,2009,7/14/09,12:53,0.265
NWT,GL4,OUTLET,0,2009,7/14/09,13:29,0.564
NWT,GL4,WATERFALL TOP,0,2009,7/14/09,13:48,0.539
NWT,GL4,WATERFALL,0,2009,7/14/09,14:08,0.497
NWT,GL3,INLET,0,2009,7/16/09,11:49,0.424
NWT,GL4,INLET,0,2009,7/16/09,9:24,0.363
NWT,GL4,OUTLET,0,2009,7/16/09,10:30,0.374
NWT,GL4,WATERFALL TOP,0,2009,7/16/09,10:46,0.511
NWT,GL4,WATERFALL,0,2009,7/16/09,11:15,0.534
NWT,GL3,INLET,0,2009,7/21/09,13:11,0.45
NWT,GL4,LAKE,0,2009,7/21/09,9:41,0.694
NWT,GL4,LAKE,3,2009,7/21/09,9:55,0.847
NWT,GL4,LAKE,5,2009,7/21/09,10:02,0.819
NWT,GL4,LAKE,7,2009,7/21/09,10:05,0.592
NWT,GL4,LAKE,9,2009,7/21/09,10:13,0.584
NWT,GL4,INLET,0,2009,7/21/09,9:08,0.441
NWT,GL4,OUTLET,0,2009,7/21/09,8:44,0.631
NWT,GL4,WATERFALL TOP,0,2009,7/21/09,12:29,0.566
NWT,GL4,WATERFALL,0,2009,7/21/09,12:43,0.611
NWT,GL3,INLET,0,2009,7/23/09,12:41,0.58
NWT,GL4,INLET,0,2009,7/23/09,9:39,0.372
NWT,GL4,OUTLET,0,2009,7/23/09,11:46,0.509
NWT,GL4,WATERFALL TOP,0,2009,7/23/09,11:57,0.431
NWT,GL4,WATERFALL,0,2009,7/23/09,12:14,0.484
NWT,GL3,INLET,0,2009,7/28/09,12:48,0.662
NWT,GL4,LAKE,0,2009,7/28/09,9:50,0.664
NWT,GL4,LAKE,3,2009,7/28/09,9:57,0.723
NWT,GL4,LAKE,5,2009,7/28/09,10:05,0.774
NWT,GL4,LAKE,7,2009,7/28/09,10:10,0.563
NWT,GL4,LAKE,9,2009,7/28/09,10:15,0.485
NWT,GL4,INLET,0,2009,7/28/09,9:17,0.535
NWT,GL4,OUTLET,0,2009,7/28/09,11:45,0.6
NWT,GL4,WATERFALL TOP,0,2009,7/28/09,12:10,0.469
NWT,GL4,WATERFALL,0,2009,7/28/09,12:28,0.494
NWT,GL3,INLET,0,2009,7/30/09,11:31,0.601
NWT,GL4,INLET,0,2009,7/30/09,10:20,0.475
NWT,GL4,OUTLET,0,2009,7/30/09,9:30,0.633
NWT,GL4,WATERFALL TOP,0,2009,7/30/09,9:10,0.381
NWT,GL4,WATERFALL,0,2009,7/30/09,8:45,0.54
NWT,GL4,LAKE,0,2009,8/4/09,10:50,1.026
NWT,GL4,LAKE,3,2009,8/4/09,11:00,0.831
NWT,GL4,INLET,0,2009,8/4/09,11:20,0.599
NWT,GL4,OUTLET,0,2009,8/4/09,11:47,0.696
NWT,GL3,INLET,0,2009,8/11/09,12:55,0.976
NWT,GL4,LAKE,3,2009,8/11/09,10:10,0.94
NWT,GL4,LAKE,5,2009,8/11/09,10:15,0.743
NWT,GL4,LAKE,7,2009,8/11/09,10:20,0.711
NWT,GL4,LAKE,9,2009,8/11/09,10:30,0.701
NWT,GL4,INLET,0,2009,8/11/09,11:30,0.48
NWT,GL4,OUTLET,0,2009,8/11/09,10:00,0.669
NWT,GL4,OUTLET,0,2009,8/11/09,12:15,0.672
NWT,GL4,WATERFALL TOP,0,2009,8/11/09,12:30,0.653
NWT,GL4,WATERFALL,0,2009,8/11/09,12:40,0.627
NWT,GL4,LAKE,0,2009,8/18/09,10:10,0.652
NWT,GL4,LAKE,3,2009,8/18/09,10:15,0.835
NWT,GL4,LAKE,5,2009,8/18/09,10:17,0.635
NWT,GL4,LAKE,7,2009,8/18/09,10:21,0.706
NWT,GL4,LAKE,9,2009,8/18/09,10:27,0.718
NWT,GL4,INLET,0,2009,8/18/09,11:00,0.51
NWT,GL4,OUTLET,0,2009,8/18/09,9:45,0.641
NWT,GL4,INLET,0,2010,7/1/10,9:55,0.597
NWT,GL4,OUTLET,0,2010,7/1/10,10:15,0.659
NWT,GL4,LAKE,0,2010,7/8/10,10:32,0.658
NWT,GL4,LAKE,3,2010,7/8/10,10:35,0.662
NWT,GL4,LAKE,9,2010,7/8/10,10:38,0.609
NWT,GL4,INLET,0,2010,7/8/10,9:34,0.508
NWT,GL4,OUTLET,0,2010,7/8/10,11:18,0.576
NWT,ALB,LAKE,0,2010,7/13/10,11:00,1.655
NWT,ALB,LAKE,3,2010,7/13/10,11:15,1.634
NWT,GL1,LAKE,0,2010,7/13/10,9:50,1.053
NWT,GL1,LAKE,3,2010,7/13/10,9:50,1.07
NWT,GL4,LAKE,0,2010,7/15/10,10:56,0.599
NWT,GL4,LAKE,3,2010,7/15/10,10:58,0.616
NWT,GL4,INLET,0,2010,7/15/10,9:43,0.473
NWT,GL4,OUTLET,0,2010,7/15/10,9:00,0.571
NWT,GL4,LAKE,0,2010,7/22/10,9:06,0.642
NWT,GL4,LAKE,3,2010,7/22/10,9:31,0.624
NWT,GL4,LAKE,9,2010,7/22/10,9:37,0.616
NWT,GL4,INLET,0,2010,7/22/10,8:24,0.49
NWT,GL4,OUTLET,0,2010,7/22/10,10:34,0.61
NWT,GL4,LAKE,0,2010,7/29/10,9:31,0.837
NWT,GL4,LAKE,3,2010,7/29/10,9:42,0.743
NWT,GL4,LAKE,9,2010,7/29/10,9:45,0.815
NWT,GL4,INLET,0,2010,7/29/10,8:38,0.679
NWT,GL4,OUTLET,0,2010,7/29/10,10:10,0.668
NWT,GL4,LAKE,0,2010,8/4/10,9:41,0.474
NWT,GL4,LAKE,3,2010,8/4/10,9:56,0.576
NWT,GL4,LAKE,9,2010,8/4/10,10:00,0.454
NWT,GL4,INLET,0,2010,8/4/10,8:45,0.46
NWT,GL4,OUTLET,0,2010,8/4/10,11:04,0.509
NWT,GL4,LAKE,0,2010,8/10/10,9:16,0.753
NWT,GL4,LAKE,3,2010,8/10/10,9:29,0.648
NWT,GL4,LAKE,9,2010,8/10/10,9:32,0.597
NWT,GL4,INLET,0,2010,8/10/10,8:52,0.629
NWT,GL4,OUTLET,0,2010,8/10/10,10:04,0.51
NWT,GL4,LAKE,0,2010,8/19/10,9:06,0.711
NWT,GL4,LAKE,3,2010,8/19/10,9:16,0.916
NWT,GL4,INLET,0,2010,8/19/10,8:42,0.765
NWT,GL4,INLET,0,2011,7/28/11,9:35,0.301
NWT,GL4,OUTLET,0,2011,7/28/11,10:13,0.331
NWT,GL4,LAKE,0,2011,8/2/11,9:35,0.311
NWT,GL4,LAKE,3,2011,8/2/11,9:35,0.361
NWT,GL4,LAKE,9,2011,8/2/11,9:05,0.354
NWT,GL4,INLET,0,2011,8/2/11,8:35,0.266
NWT,GL4,OUTLET,0,2011,8/2/11,NA,0.303
NWT,GL4,LAKE,0,2011,8/9/11,9:45,0.393
NWT,GL4,LAKE,3,2011,8/9/11,9:50,0.358
NWT,GL4,LAKE,9,2011,8/9/11,9:58,0.339
NWT,GL4,INLET,0,2011,8/9/11,10:40,0.367
NWT,GL4,OUTLET,0,2011,8/9/11,9:05,0.361
NWT,GL4,LAKE,0,2011,9/2/11,9:26,0.346
NWT,GL4,LAKE,3,2011,9/2/11,9:30,0.435
NWT,GL4,LAKE,9,2011,9/2/11,9:39,0.373
NWT,GL4,INLET,0,2011,9/2/11,10:27,0.321
NWT,GL4,OUTLET,0,2011,9/2/11,8:50,0.287
NWT,GL4,LAKE,0,2011,9/9/11,9:47,0.323
NWT,GL4,LAKE,3,2011,9/9/11,9:50,0.328
NWT,GL4,LAKE,9,2011,9/9/11,9:55,0.351
NWT,GL4,INLET,0,2011,9/9/11,10:17,0.321
NWT,GL4,OUTLET,0,2011,9/9/11,9:15,0.305
NWT,GL4,LAKE,0,2011,9/16/11,NA,0.312
NWT,GL4,LAKE,3,2011,9/16/11,NA,0.391
NWT,GL4,LAKE,9,2011,9/16/11,NA,0.298
NWT,GL4,INLET,0,2011,9/16/11,9:40,0.402
NWT,GL4,OUTLET,0,2011,9/16/11,8:27,0.364
NWT,GL4,LAKE,0,2012,6/26/12,11:22,0.819
NWT,GL4,LAKE,3,2012,6/26/12,NA,0.72
NWT,GL4,LAKE,9,2012,6/26/12,NA,0.83
NWT,GL4,INLET,0,2012,6/26/12,NA,0.47
NWT,GL4,OUTLET,0,2012,6/26/12,13:05,0.574
NWT,GL4,LAKE,0,2012,7/3/12,NA,0.672
NWT,GL4,LAKE,3,2012,7/3/12,11:05,0.765
NWT,GL4,LAKE,9,2012,7/3/12,11:20,0.955
NWT,GL4,INLET,0,2012,7/3/12,NA,0.55
NWT,GL4,OUTLET,0,2012,7/3/12,NA,0.699
NWT,GL4,LAKE,0,2012,7/12/12,NA,0.862
NWT,GL4,LAKE,3,2012,7/12/12,NA,0.834
NWT,GL4,LAKE,9,2012,7/12/12,NA,0.738
NWT,GL4,INLET,0,2012,7/12/12,NA,0.741
NWT,GL4,OUTLET,0,2012,7/12/12,NA,0.834
NWT,GL4,LAKE,0,2012,7/17/12,NA,0.742
NWT,GL4,LAKE,3,2012,7/17/12,NA,0.794
NWT,GL4,LAKE,9,2012,7/17/12,NA,0.809
NWT,GL4,INLET,0,2012,7/17/12,NA,0.639
NWT,GL4,OUTLET,0,2012,7/17/12,NA,0.821
NWT,GL4,LAKE,0,2012,7/24/12,NA,0.925
NWT,GL4,LAKE,3,2012,7/24/12,NA,0.976
NWT,GL4,LAKE,9,2012,7/24/12,NA,0.798
NWT,GL4,INLET,0,2012,7/24/12,NA,0.597
NWT,GL4,OUTLET,0,2012,7/24/12,NA,1.145
NWT,GL4,LAKE,0,2012,7/31/12,NA,0.71
NWT,GL4,LAKE,3,2012,7/31/12,NA,0.919
NWT,GL4,LAKE,9,2012,7/31/12,NA,1.469
NWT,GL4,INLET,0,2012,7/31/12,NA,0.878
NWT,GL4,OUTLET,0,2012,7/31/12,NA,0.876
NWT,GL4,LAKE,0,2012,8/7/12,NA,0.618
NWT,GL4,LAKE,3,2012,8/7/12,NA,0.613
NWT,GL4,LAKE,9,2012,8/7/12,NA,0.623
NWT,GL4,INLET,0,2012,8/7/12,NA,0.607
NWT,GL4,OUTLET,0,2012,8/7/12,NA,0.668
NWT,GL4,LAKE,0,2013,7/18/13,11:03,0.482
NWT,GL4,LAKE,3,2013,7/18/13,11:35,0.811
NWT,GL4,LAKE,9,2013,7/18/13,11:43,0.796
NWT,GL4,INLET,0,2013,7/18/13,10:23,0.548
NWT,GL4,OUTLET,0,2013,7/18/13,11:00,0.659
NWT,GL4,LAKE,0,2013,7/23/13,NA,0.839
NWT,GL4,LAKE,3,2013,7/23/13,NA,0.66
NWT,GL4,LAKE,9,2013,7/23/13,NA,0.543
NWT,GL4,INLET,0,2013,7/23/13,NA,0.52
NWT,GL4,OUTLET,0,2013,7/23/13,9:50,0.591
NWT,GL4,LAKE,0,2013,7/30/13,NA,0.564
NWT,GL4,LAKE,3,2013,7/30/13,NA,0.67
NWT,GL4,LAKE,9,2013,7/30/13,NA,0.616
NWT,GL4,INLET,0,2013,7/30/13,NA,0.596
NWT,GL4,OUTLET,0,2013,7/30/13,NA,0.667
NWT,GL4,LAKE,0,2013,8/6/13,9:50,0.899
NWT,GL4,LAKE,3,2013,8/6/13,958,0.533
NWT,GL4,LAKE,9,2013,8/6/13,10:05,0.584
NWT,GL4,INLET,0,2013,8/6/13,9:50,0.502
NWT,GL4,OUTLET,0,2013,8/6/13,9:45,0.531
NWT,GL4,LAKE,0,2013,8/13/13,9:46,1.175
NWT,GL4,LAKE,3,2013,8/13/13,9:52,2.949
NWT,GL4,LAKE,9,2013,8/13/13,9:57,2.524
NWT,GL4,INLET,0,2013,8/13/13,10:52,0.621
NWT,GL4,OUTLET,0,2013,8/13/13,11:16,0.778
NWT,GL4,LAKE,0,2013,8/20/13,10:45,0.678
NWT,GL4,LAKE,3,2013,8/20/13,10:49,0.82
NWT,GL4,LAKE,9,2013,8/20/13,10:56,1.717
NWT,GL4,INLET,0,2013,8/20/13,11:32,0.624
NWT,GL4,OUTLET,0,2013,8/20/13,12:02,0.612
NWT,GL4,LAKE,0,2014,7/17/14,10:50,0.58
NWT,GL4,LAKE,3,2014,7/17/14,11:50,0.49
NWT,GL4,LAKE,9,2014,7/17/14,11:56,0.37
NWT,GL4,INLET,0,2014,7/17/14,10:49,0.27
NWT,GL4,OUTLET,0,2014,7/17/14,13:04,0.52
NWT,GL1,LAKE,0,2014,7/22/14,10:00,1.3
NWT,GL1,LAKE,3,2014,7/22/14,10:22,0.95
NWT,GL1,LAKE,6,2014,7/22/14,10:29,0.85
NWT,GL4,LAKE,0,2014,7/24/14,11:12,0.49
NWT,GL4,LAKE,3,2014,7/24/14,11:24,0.45
NWT,GL4,LAKE,9,2014,7/24/14,11:35,0.44
NWT,GL4,INLET,0,2014,7/24/14,10:36,0.52
NWT,GL4,OUTLET,0,2014,7/24/14,10:10,0.64
NWT,GL1,LAKE,0,2014,7/29/14,9:35,1.1
NWT,GL1,LAKE,3,2014,7/29/14,10:20,1.03
NWT,GL1,LAKE,6,2014,7/29/14,10:30,0.82
NWT,GL4,LAKE,0,2014,7/31/14,9:56,0.5
NWT,GL4,LAKE,3,2014,7/31/14,10:00,0.61
NWT,GL4,LAKE,9,2014,7/31/14,10:10,0.56
NWT,GL4,INLET,0,2014,7/31/14,10:07,0.59
NWT,GL4,OUTLET,0,2014,7/31/14,10:31,0.54
NWT,GL1,LAKE,0,2014,8/5/14,9:00,0.98
NWT,GL1,LAKE,3,2014,8/5/14,9:43,1
NWT,GL1,LAKE,6,2014,8/5/14,9:49,0.87
NWT,GL4,LAKE,0,2014,8/7/14,9:46,0.53
NWT,GL4,LAKE,3,2014,8/7/14,9:50,0.54
NWT,GL4,LAKE,9,2014,8/7/14,10:00,1.28
NWT,GL4,INLET,0,2014,8/7/14,10:15,0.53
NWT,GL4,OUTLET,0,2014,8/7/14,9:58,0.83
NWT,GL1,LAKE,0,2014,8/12/14,9:26,1.1
NWT,GL1,LAKE,3,2014,8/12/14,9:28,1.3
NWT,GL1,LAKE,6,2014,8/12/14,9:35,0.98
NWT,GL4,LAKE,0,2014,8/14/14,9:52,0.48
NWT,GL4,LAKE,3,2014,8/14/14,9:56,0.47
NWT,GL4,LAKE,9,2014,8/14/14,10:00,0.57
NWT,GL4,INLET,0,2014,8/14/14,11:34,0.49
NWT,GL4,OUTLET,0,2014,8/14/14,11:24,0.57
NWT,GL1,LAKE,0,2014,8/19/14,9:11,1.16
NWT,GL1,LAKE,3,2014,8/19/14,9:15,1.03
NWT,GL1,LAKE,6,2014,8/19/14,9:21,1.13
NWT,GL4,LAKE,0,2014,8/21/14,10:15,0.88
NWT,GL4,LAKE,3,2014,8/21/14,10:27,0.56
NWT,GL4,LAKE,9,2014,8/21/14,10:38,0.57
NWT,GL4,INLET,0,2014,8/21/14,9:54,0.53
NWT,GL4,OUTLET,0,2014,8/21/14,9:29,0.5
NWT,GL1,LAKE,0,2014,8/26/14,10:00,1.28
NWT,GL1,LAKE,3,2014,8/26/14,10:01,1.08
NWT,GL1,LAKE,6,2014,8/26/14,10:10,1.01
NWT,GL1,LAKE,0,2015,7/9/15,9:44,1.4
NWT,GL1,LAKE,3,2015,7/9/15,9:54,1.66
NWT,GL1,LAKE,6,2015,7/9/15,10:18,0.94
NWT,GL4,LAKE,0,2015,7/14/15,NA,0.67
NWT,GL4,LAKE,3,2015,7/14/15,NA,0.73
NWT,GL4,LAKE,9,2015,7/14/15,NA,0.61
NWT,GL4,INLET,0,2015,7/14/15,NA,0.66
NWT,GL4,OUTLET,0,2015,7/14/15,NA,0.6
NWT,GL1,LAKE,0,2015,7/16/15,9:17,1.48
NWT,GL1,LAKE,3,2015,7/16/15,9:21,1.03
NWT,GL1,LAKE,6,2015,7/16/15,9:28,0.95
NWT,GL1,LAKE,0,2015,7/21/15,9:40,1.38
NWT,GL1,LAKE,3,2015,7/21/15,9:48,0.98
NWT,GL1,LAKE,6,2015,7/21/15,9:51,0.94
NWT,GL4,LAKE,0,2015,7/23/15,NA,0.86
NWT,GL4,LAKE,3,2015,7/23/15,NA,0.7
NWT,GL4,LAKE,9,2015,7/23/15,NA,0.66
NWT,GL4,INLET,0,2015,7/23/15,NA,0.55
NWT,GL4,OUTLET,0,2015,7/23/15,NA,0.51
NWT,GL4,LAKE,0,2015,7/28/15,NA,0.81
NWT,GL4,LAKE,3,2015,7/28/15,NA,0.62
NWT,GL4,LAKE,9,2015,7/28/15,NA,0.59
NWT,GL4,INLET,0,2015,7/28/15,NA,0.66
NWT,GL4,OUTLET,0,2015,7/28/15,NA,0.69
NWT,GL1,LAKE,0,2015,7/30/15,9:22,1.22
NWT,GL1,LAKE,3,2015,7/30/15,9:29,1.09
NWT,GL1,LAKE,6,2015,7/30/15,9:35,0.99
NWT,GL1,LAKE,0,2015,8/4/15,9:51,1.17
NWT,GL1,LAKE,3,2015,8/4/15,9:54,1.07
NWT,GL1,LAKE,6,2015,8/4/15,10:02,0.87
NWT,GL4,LAKE,0,2015,8/6/15,NA,0.71
NWT,GL4,LAKE,3,2015,8/6/15,NA,0.65
NWT,GL4,LAKE,9,2015,8/6/15,NA,0.62
NWT,GL4,INLET,0,2015,8/6/15,NA,0.59
NWT,GL4,OUTLET,0,2015,8/6/15,NA,0.58
NWT,GL4,LAKE,0,2015,8/11/15,NA,0.59
NWT,GL4,LAKE,3,2015,8/11/15,NA,0.65
NWT,GL4,LAKE,9,2015,8/12/15,NA,0.58
NWT,GL1,LAKE,0,2015,8/13/15,9:13,2
NWT,GL1,LAKE,3,2015,8/13/15,9:15,1.28
NWT,GL1,LAKE,6,2015,8/13/15,9:22,1.18
NWT,GL4,INLET,0,2015,8/13/15,NA,0.49
NWT,GL4,OUTLET,0,2015,8/14/15,NA,0.73
NWT,GL4,LAKE,0,2015,8/18/15,NA,0.55
NWT,GL4,LAKE,3,2015,8/18/15,NA,0.53
NWT,GL4,LAKE,9,2015,8/18/15,NA,0.53
NWT,GL4,INLET,0,2015,8/18/15,NA,0.46
NWT,GL4,OUTLET,0,2015,8/18/15,NA,0.52
NWT,ALB,LAKE,0,2016,6/23/16,10:16,1.88
NWT,ALB,LAKE,3,2016,6/23/16,10:21,1.55
NWT,ALB,LAKE,8.5,2016,6/23/16,10:29,1.4
NWT,ALB,INLET,0,2016,6/23/16,11:55,1.09
NWT,GL1,LAKE,0,2016,7/7/16,8:17,1.26
NWT,GL1,LAKE,3,2016,7/7/16,8:18,1.14
NWT,GL1,LAKE,6,2016,7/7/16,8:24,1.09
NWT,ALB,LAKE,0,2016,7/14/16,9:45,1.47
NWT,ALB,LAKE,3,2016,7/14/16,9:51,1.41
NWT,ALB,LAKE,12,2016,7/14/16,10:18,1.29
NWT,ALB,INLET,0,2016,7/14/16,10:48,0.86
NWT,GL4,LAKE,0,2016,7/19/16,10:04,0.59
NWT,GL4,LAKE,3,2016,7/19/16,10:14,2.06
NWT,GL4,LAKE,9,2016,7/19/16,10:39,0.53
NWT,GL4,INLET,0,2016,7/19/16,11:45,0.43
NWT,GL4,OUTLET,0,2016,7/19/16,12:03,0.5
NWT,GL1,LAKE,0,2016,7/21/16,8:40,1.2
NWT,GL1,LAKE,3,2016,7/21/16,8:49,1.17
NWT,GL1,LAKE,6,2016,7/21/16,8:55,1.05
NWT,GL4,LAKE,0,2016,7/26/16,9:17,0.54
NWT,GL4,LAKE,3,2016,7/26/16,9:31,0.55
NWT,GL4,LAKE,9,2016,7/26/16,9:40,0.52
NWT,GL4,INLET,0,2016,7/26/16,11:00,0.49
NWT,GL4,OUTLET,0,2016,7/26/16,11:32,0.51
NWT,ALB,LAKE,0,2016,7/28/16,8:37,1.37
NWT,ALB,LAKE,3,2016,7/28/16,8:42,1.55
NWT,ALB,LAKE,9,2016,7/28/16,8:56,1.3
NWT,ALB,INLET,0,2016,7/28/16,9:52,0.82
NWT,GL4,LAKE,0,2016,8/2/16,9:01,0.58
NWT,GL4,LAKE,3,2016,8/2/16,9:04,0.54
NWT,GL4,LAKE,9,2016,8/2/16,9:12,0.55
NWT,GL4,INLET,0,2016,8/2/16,10:23,0.56
NWT,GL4,OUTLET,0,2016,8/2/16,10:48,0.61
NWT,GL1,LAKE,0,2016,8/4/16,8:24,1.22
NWT,GL1,LAKE,3,2016,8/4/16,8:36,1.2
NWT,GL1,LAKE,6,2016,8/4/16,8:42,1.18
NWT,GL4,LAKE,0,2016,8/9/16,9:09,0.59
NWT,GL4,LAKE,3,2016,8/9/16,9:11,0.65
NWT,GL4,LAKE,9,2016,8/9/16,9:16,0.56
NWT,GL4,INLET,0,2016,8/9/16,10:58,0.61
NWT,GL4,OUTLET,0,2016,8/9/16,12:06,0.61
NWT,ALB,LAKE,0,2016,8/11/16,8:15,1.62
NWT,ALB,LAKE,3,2016,8/11/16,8:30,1.41
NWT,ALB,LAKE,12,2016,8/11/16,8:59,1.32
NWT,ALB,INLET,0,2016,8/11/16,9:40,0.88
NWT,GL4,LAKE,0,2016,8/16/16,9:00,0.65
NWT,GL4,LAKE,3,2016,8/16/16,9:10,0.6
NWT,GL4,LAKE,9,2016,8/16/16,9:25,0.67
NWT,GL4,INLET,0,2016,8/16/16,10:27,0.63
NWT,GL4,OUTLET,0,2016,8/16/16,10:50,0.6
NWT,GL1,LAKE,0,2016,8/18/16,9:09,1.35
NWT,GL1,LAKE,3,2016,8/18/16,9:11,1.4
NWT,GL1,LAKE,6,2016,8/18/16,9:18,1.17
NWT,GL4,LAKE,0,2016,8/23/16,9:30,0.7
NWT,GL4,LAKE,3,2016,8/23/16,9:30,0.7
NWT,GL4,LAKE,9,2016,8/23/16,9:37,0.67
NWT,GL4,INLET,0,2016,8/23/16,10:24,0.62
NWT,GL4,OUTLET,0,2016,8/23/16,10:42,0.62
NWT,ALB,LAKE,0,2018,6/19/18,8:56,1.43
NWT,ALB,LAKE,3,2018,6/19/18,8:40,1.31
NWT,ALB,LAKE,10,2018,6/19/18,8:31,1.31
NWT,ALB,INLET,0,2018,6/19/18,10:30,1.25
NWT,GL1,LAKE,0,2018,6/28/18,8:45,0.88
NWT,GL1,LAKE,3,2018,6/28/18,8:50,0.88
NWT,GL1,LAKE,6,2018,6/28/18,9:00,0.96
NWT,GL4,LAKE,0,2018,7/3/18,12:40,0.83
NWT,GL4,LAKE,3,2018,7/3/18,12:45,0.67
NWT,GL4,LAKE,9,2018,7/3/18,13:05,0.78
NWT,GL4,INLET,0,2018,7/3/18,13:20,0.56
NWT,GL4,OUTLET,0,2018,7/3/18,13:46,0.67
NWT,ALB,LAKE,0,2018,7/5/18,9:15,1.75
NWT,ALB,LAKE,3,2018,7/5/18,9:20,1.39
NWT,ALB,LAKE,12,2018,7/5/18,9:25,1.34
NWT,ALB,INLET,0,2018,7/5/18,9:55,1.07
NWT,GL4,LAKE,0,2018,7/10/18,10:55,0.57
NWT,GL4,LAKE,3,2018,7/10/18,11:00,0.60
NWT,GL4,LAKE,9,2018,7/10/18,11:06,0.76
NWT,GL4,INLET,0,2018,7/10/18,12:30,0.80
NWT,GL4,OUTLET,0,2018,7/10/18,12:50,1.51
NWT,GL1,LAKE,0,2018,7/12/18,9:00,1.07
NWT,GL1,LAKE,3,2018,7/12/18,9:05,1.05
NWT,GL1,LAKE,6,2018,7/12/18,9:15,1.32
NWT,GL4,LAKE,0,2018,7/17/18,9:55,0.74
NWT,GL4,LAKE,3,2018,7/17/18,10:00,3.89
NWT,GL4,LAKE,9,2018,7/17/18,10:05,0.63
NWT,GL4,INLET,0,2018,7/17/18,11:15,0.61
NWT,GL4,OUTLET,0,2018,7/17/18,11:40,0.60
NWT,ALB,LAKE,0,2018,7/19/18,10:30,1.48
NWT,ALB,LAKE,3,2018,7/19/18,10:35,1.35
NWT,ALB,LAKE,12,2018,7/19/18,10:50,1.43
NWT,ALB,INLET,0,2018,7/19/18,11:30,1.06
NWT,GL4,LAKE,0,2018,7/24/18,9:40,0.64
NWT,GL4,LAKE,3,2018,7/24/18,9:45,3.94
NWT,GL4,LAKE,9,2018,7/24/18,9:55,0.68
NWT,GL4,INLET,0,2018,7/24/18,10:55,0.61
NWT,GL4,OUTLET,0,2018,7/24/18,11:15,0.63
NWT,GL1,LAKE,0,2018,7/26/18,11:20,1.17
NWT,GL1,LAKE,3,2018,7/26/18,11:30,1.20
NWT,GL1,LAKE,6,2018,7/26/18,11:35,1.08
NWT,GL2,LAKE,0,2018,7/26/18,10:25,1.04
NWT,GL2,LAKE,3,2018,7/26/18,10:30,1.06
NWT,GL2,LAKE,7,2018,7/26/18,10:35,0.89
NWT,GL3,LAKE,0,2018,7/26/18,9:25,0.91
NWT,GL3,LAKE,3,2018,7/26/18,9:30,0.80
NWT,GL3,LAKE,10,2018,7/26/18,9:40,0.84
NWT,GL4,LAKE,0,2018,7/31/18,13:10,0.67
NWT,GL4,LAKE,3,2018,7/31/18,13:15,0.59
NWT,GL4,LAKE,9,2018,7/31/18,13:25,0.60
NWT,GL4,INLET,0,2018,7/31/18,12:45,6.47
NWT,GL4,OUTLET,0,2018,7/31/18,13:50,0.64
NWT,GL5,LAKE,0,2018,7/31/18,10:45,0.59
NWT,GL5,LAKE,3,2018,7/31/18,10:50,0.58
NWT,GL5,LAKE,6,2018,7/31/18,10:40,0.57
NWT,GL5,INLET,0,2018,7/31/18,11:35,0.43
NWT,GL5,OUTLET,0,2018,7/31/18,12:10,0.60
NWT,ALB,LAKE,0,2018,8/2/18,9:15,1.39
NWT,ALB,LAKE,3,2018,8/2/18,9:20,1.36
NWT,ALB,LAKE,12,2018,8/2/18,9:30,1.28
NWT,ALB,INLET,0,2018,8/2/18,10:15,0.96
NWT,GL4,LAKE,0,2018,8/7/18,10:27,0.62
NWT,GL4,LAKE,3,2018,8/7/18,10:30,0.62
NWT,GL4,LAKE,9,2018,8/7/18,10:40,0.59
NWT,GL4,INLET,0,2018,8/7/18,11:20,0.63
NWT,GL4,OUTLET,0,2018,8/7/18,12:00,0.65
NWT,GL1,LAKE,0,2018,8/9/18,9:40,1.46
NWT,GL1,LAKE,3,2018,8/9/18,9:35,1.29
NWT,GL1,LAKE,6,2018,8/9/18,9:55,1.21